INSERT INTO Status (Status_ID, Status_Code) VALUES ('1','New Order');
INSERT INTO Status (Status_ID, Status_Code) VALUES ('2','Cooking');
INSERT INTO Status (Status_ID, Status_Code) VALUES ('3','Ready');
INSERT INTO Status (Status_ID, Status_Code) VALUES ('4','Served');
INSERT INTO Menu (Menu_Name, Price, Image_Path) VALUES ('Asiago Chicken Pasta','12.99','/chicken_pasta');
INSERT INTO Menu (Menu_Name, Price, Image_Path) VALUES ('Argentinean-Style Steak','18.99','/argentinean_steak');
INSERT INTO Menu (Menu_Name, Price, Image_Path) VALUES ('All-American Burgers','11.99','/american_burger');
INSERT INTO Menu (Menu_Name, Price, Image_Path) VALUES ('Shrimp Scampi','16.99','/shrimp_scampi');
INSERT INTO Menu (Menu_Name, Price, Image_Path) VALUES ('Chicken Fajitas','14.99','/chicken_fajita');
INSERT INTO Menu (Menu_Name, Price, Image_Path) VALUES ('Grilled Salmon','13.99','/grilled_salmon');
INSERT INTO Menu (Menu_Name, Price, Image_Path) VALUES ('Mac & Cheese ','7.99','/mac_&_cheese');
INSERT INTO Menu (Menu_Name, Price, Image_Path) VALUES ('Caesar Salad','10.99','/caesar_salad');
INSERT INTO Menu (Menu_Name, Price, Image_Path) VALUES ('Chipotle Pizza','12.99','/pizza');
INSERT INTO Menu (Menu_Name, Price, Image_Path) VALUES ('Tortilla Soup','16.99','/tortilla_soup');
INSERT INTO Ticket (Ticket_Name) VALUES ('Garcias');
INSERT INTO Ticket (Ticket_Name) VALUES ('Ransoms');
INSERT INTO Ticket (Ticket_Name) VALUES ('Owls');
INSERT INTO Ticket (Ticket_Name) VALUES ('Squirrels');
INSERT INTO Ticket (Ticket_Name) VALUES ('Lains');
INSERT INTO Ticket (Ticket_Name) VALUES ('Tyra');
INSERT INTO Ticket (Ticket_Name) VALUES ('Singleton');
INSERT INTO Ticket (Ticket_Name) VALUES ('Eager');
INSERT INTO Orders (Menu_ID, Status_ID, Ticket_ID, Notes) VALUES ('1','1','1','No tomatoes');
INSERT INTO Orders (Menu_ID, Status_ID, Ticket_ID, Notes) VALUES ('2','2','1','Well Done');
INSERT INTO Orders (Menu_ID, Status_ID, Ticket_ID, Notes) VALUES ('6','1','1','');
INSERT INTO Orders (Menu_ID, Status_ID, Ticket_ID, Notes) VALUES ('5','1','2','Extra onions');
INSERT INTO Orders (Menu_ID, Status_ID, Ticket_ID, Notes) VALUES ('4','2','2','');
INSERT INTO Orders (Menu_ID, Status_ID, Ticket_ID, Notes) VALUES ('4','3','3','Extra cheese');
INSERT INTO Orders (Menu_ID, Status_ID, Ticket_ID, Notes) VALUES ('4','3','4','');
INSERT INTO Orders (Menu_ID, Status_ID, Ticket_ID, Notes) VALUES ('2','1','4','Medium');
INSERT INTO Orders (Menu_ID, Status_ID, Ticket_ID, Notes) VALUES ('3','4','5','No mayo');
INSERT INTO Orders (Menu_ID, Status_ID, Ticket_ID, Notes) VALUES ('7','1','5','');
INSERT INTO Orders (Menu_ID, Status_ID, Ticket_ID, Notes) VALUES ('5','3','5','No onions');
INSERT INTO Orders (Menu_ID, Status_ID, Ticket_ID, Notes) VALUES ('1','1','7','Extra chicken');
INSERT INTO Orders (Menu_ID, Status_ID, Ticket_ID, Notes) VALUES ('2','2','1','Medium-rare');
INSERT INTO Orders (Menu_ID, Status_ID, Ticket_ID, Notes) VALUES ('8','1','8','');
INSERT INTO Orders (Menu_ID, Status_ID, Ticket_ID, Notes) VALUES ('1','1','2','Extra cheese');
INSERT INTO Orders (Menu_ID, Status_ID, Ticket_ID, Notes) VALUES ('10','2','6','');
INSERT INTO Orders (Menu_ID, Status_ID, Ticket_ID, Notes) VALUES ('4','4','6','Extra garlic');
INSERT INTO Orders (Menu_ID, Status_ID, Ticket_ID, Notes) VALUES ('4','3','6','No garlic');
INSERT INTO Orders (Menu_ID, Status_ID, Ticket_ID, Notes) VALUES ('2','1','5','Rare');
INSERT INTO Orders (Menu_ID, Status_ID, Ticket_ID, Notes) VALUES ('3','1','5','Extra mayo');
INSERT INTO Orders (Menu_ID, Status_ID, Ticket_ID, Notes) VALUES ('9','4','5','');
INSERT INTO Orders (Menu_ID, Status_ID, Ticket_ID, Notes) VALUES ('2','3','7','Medium');
INSERT INTO Orders (Menu_ID, Status_ID, Ticket_ID, Notes) VALUES ('1','4','6','No tomatoes');
INSERT INTO Orders (Menu_ID, Status_ID, Ticket_ID, Notes) VALUES ('9','2','6','');
INSERT INTO Orders (Menu_ID, Status_ID, Ticket_ID, Notes) VALUES ('10','1','1','');
INSERT INTO Orders (Menu_ID, Status_ID, Ticket_ID, Notes) VALUES ('5','1','7','No onions');
INSERT INTO Orders (Menu_ID, Status_ID, Ticket_ID, Notes) VALUES ('4','2','2','');
INSERT INTO Orders (Menu_ID, Status_ID, Ticket_ID, Notes) VALUES ('8','3','8','');
INSERT INTO Orders (Menu_ID, Status_ID, Ticket_ID, Notes) VALUES ('7','3','4','');
INSERT INTO Orders (Menu_ID, Status_ID, Ticket_ID, Notes) VALUES ('2','1','8','Well Done');
INSERT INTO Orders (Menu_ID, Status_ID, Ticket_ID, Notes) VALUES ('3','1','3','Extra cheese');
INSERT INTO Orders (Menu_ID, Status_ID, Ticket_ID, Notes) VALUES ('3','4','5','Extra mayo');
INSERT INTO Orders (Menu_ID, Status_ID, Ticket_ID, Notes) VALUES ('5','3','8','No onions');

INSERT INTO Orders (Menu_ID, Status_ID, Ticket_ID, Notes) VALUES ('10','2','2','');
INSERT INTO Orders (Menu_ID, Status_ID, Ticket_ID, Notes) VALUES ('7','3','7','');
INSERT INTO Orders (Menu_ID, Status_ID, Ticket_ID, Notes) VALUES ('7','3','4','');
INSERT INTO Orders (Menu_ID, Status_ID, Ticket_ID, Notes) VALUES ('8','1','7','');
INSERT INTO Orders (Menu_ID, Status_ID, Ticket_ID, Notes) VALUES ('9','1','3','Extra cheese');
INSERT INTO Orders (Menu_ID, Status_ID, Ticket_ID, Notes) VALUES ('3','4','1','Extra mayo');
INSERT INTO Orders (Menu_ID, Status_ID, Ticket_ID, Notes) VALUES ('8','3','8','');

insert into users values('owl', '$2a$10$UvgEl405iZrOYfK75L8.OeQij5iE59TR2gEkwqIQqRrHhmFDmbFgq', true); 
insert into users values('admin', '$2a$10$KdjpT0QfqVF22MLqaATHQ./FmIzsFmO6oiE/M1cBfo/cfMGsYgJBW', true); 

insert into authorities values('owl', 'ROLE_USER');
insert into authorities values('admin', 'ROLE_MANAGER');
